,0
0," ""Do these studies compare Covid-19 hospitalisations/deaths of unvaccinated vs vaccinated children and contrast the results with vaccine related injuries in children? If so can you send them to me please"
1,"RT @BigBird: I got the COVID-19 vaccine today! My wing is feeling a little sore, but it'll give my body an extra protective boost that keep‚Ä¶"
2,"RT @RandPaul: Should you vaccinate your 5-11 year old? 
This study shows 24 hospitalizations/100,000 for kids in this age group from Covid‚Ä¶"
3,RT @DrIbram: Imani got her COVID-19 vaccine today! So brave. She‚Äôs finally on the road to being protected. I tagged along and received my b‚Ä¶
4,RT @NewsHour: FRIDAY: @NavigatingNikki speaks with @Payal_Patel and @LauraSanthanam to answer your questions about children and the COVID-1‚Ä¶
5,"RT @DrEmilyThomas: We got our #covid_19 #booster and our #flushot today!! Tomorrow, 2/3 kids get their first COVID #vaccine !!! 
#soexcite‚Ä¶"
6,"RT @LauraLom234: A willingness to let Floridians die of COVID-19 isn't enough to get an In-N-Out in the state. 
 @GovRonDeSantis .. maybe k‚Ä¶"
7,"RT @BigBird: I got the COVID-19 vaccine today! My wing is feeling a little sore, but it'll give my body an extra protective boost that keep‚Ä¶"
8,RT @KXAN_News: The CDC released a report that showed someone who is unvaccinated and has gotten COVID-19 recently is still five times more‚Ä¶
9,"RT @APFactCheck: An online claim that Pfizer admits vaccinated people can ""shed"" the COVID-19 vaccine to unvaccinated people is false. 
CO‚Ä¶"
10,RT @SusanGKomen: A3: Flu vaccine can prevent or lessen the severity of the flu. It can help people stay healthy. Substantial number of peop‚Ä¶
11,RT @newscientist: The discovery that some people had pre-existing covid-19 immunity could point the way to a universal coronavirus vaccine‚Ä¶
12,"Anti-Vaccine Doctor Who Called Mask Wearing 'Dangerous' Dies of COVID-19 This is so sad, but I hope his death is not in vain. This can be a wake-up call. Even doctors can fall for misinformation. Please get vaccinated."
13,"RT @COTA_ORG: A6: COTA references the CDC &amp; medical professionals, such as those at #transplant centers. For example, a John Hopkins Medici‚Ä¶"
14,@genesimmons The Delta variant 2021 much more contagious than Covid 19 of 2020. You can still contract Covid after you get vaccinated. Vaccine keeps you from being hospitalized &amp; from dying. It's been told more is known scientifically about the Covid vaccine than any other vaccine in history.
15,"A6: COTA references the CDC &amp; medical professionals, such as those at #transplant centers. For example, a John Hopkins Medicine study found that young transplant recipients have a better COVID-19 vaccine response than their adult counterparts. #CreakyChats"
16,RT @PolitiFact: NEW: Medical experts and the CDC said it‚Äôs not biologically possible for the COVID-19 vaccines to ‚Äúshed‚Äù or affect unvaccin‚Ä¶
17,RT @DrIbram: Imani got her COVID-19 vaccine today! So brave. She‚Äôs finally on the road to being protected. I tagged along and received my b‚Ä¶
18,RT @Twanky_Resists: The vaccine is based on 20 plus years of sars/aids research. It doesn't contain graphine oxide. It doesn't cause infert‚Ä¶
19,"@crbort3000 @KPRC2 No medical professional ever said it would stop the vaccinated from getting COVID-19. No vaccine has 100% efficacy ; breakthrough cases can, and still do, happen. It‚Äôs still not gene therapy."
20,"RT @Millinillion3K3: @SFlexinTV @APFactCheck A vaccine is a show-and-tell tool to train your immune system to recognize a virus.
We can sh‚Ä¶"
21,"@CreakyJoints Q5: I think @AlexisSMobley said it best on why it‚Äôs important: ‚ÄúNow that my child can get the vaccine, the possibility of our near future has me elated and yet cautious.‚Äù Safety &amp; protecting those we love &amp; the chance for a more hopeful future #CreakyChats
22,RT @TheLancet: NEW‚ÄîInterim data from a phase 3 trial of #BBV152 a COVID-19 vaccine developed in India suggests it is safe and two doses o‚Ä¶"""
22,RT @CDCDirector: It was a privilege to have @SecAzar at CDC yesterday. We appreciate his leadership throughout the unprecedented response t‚Ä¶
23,RT @CDCDirector: .@SecAzar visited @CDCgov and I had the opportunity to brief him on the status of our continuing response to #COVID19. Sci‚Ä¶
24,RT @CDCDirector: The #COVID19 pandemic is not over and I know it‚Äôs been a difficult year for Americans ‚Äì but we will come through to the ot‚Ä¶
25,A new @CDCMMWR showed that new health and safety protocols put in place by @MLB may have prevented an outbreak of #COVID19 from spreading among teams. Learn more: https://t.co/Pe299dSJW4. https://t.co/mceF5E0XW4
26,"Join the next CDC Partner Update call, Monday, Oct. 26, at 3pm ET via Zoom. Topic: Healthy, Happy Holidays ‚Äì Fall Travel and Gathering Guidance.
Register: https://t.co/PBefwwblCL. https://t.co/yHsFU8aU9d"
27,HCPs &amp; public health professionals: You can #FightFlu through vaccination. Learn the latest guidance for the 2020-2021 season during the #COVID19 pandemic in CDC‚Äôs training. Free CE. https://t.co/tzl8OAJyOD #CDCLearning https://t.co/GWlYfX8z6P
28,"Most poll workers and voters participating in a recent primary election took steps to prevent the spread of #COVID19, according to a new @CDCMMWR study. Learn more: https://t.co/hUiSzkyvP7. https://t.co/oIlAcADKSE"
29,"There are many ways to cope with stress or anxiety that do not involve smoking. If you are looking to quit, visit https://t.co/2q5d5nCBWk. https://t.co/KElp7yKaKk"
30,"As of October 19, national forecasts predict that 3,500 to 7,600 new #COVID19 deaths will be reported during the week ending November 14. These forecasts predict 235,000 to 247,000 total COVID-19 deaths in the United States by November 14. More: https://t.co/Ft6cgmaMPX. https://t.co/rXFugbG62M"
31,"The latest CDC #COVIDView report shows increases in #COVID19 activity in many parts of the country. Some regions are showing small increases from week to week, while others are showing sharp increases in the indicators used to track COVID-19: https://t.co/zP4VYlo0Pb. https://t.co/ftn29C3XPP"
32,"OUTBREAK ALERT: 10 people hospitalized in a Listeria outbreak linked to deli meats. A specific brand/type of deli meat has not yet been identified. If you are at higher risk of getting sick from Listeria, avoid eating deli meat unless heated to 165¬∞F. https://t.co/tWkcYaZmUS https://t.co/IE3siP1wQ3"
33,Waiting for a #COVID19 test result? Check out these 3 key steps to take while waiting: https://t.co/tgmU4o6Knw. #SlowtheSpread #PublicHealth https://t.co/qDzSJg9cCB
34,Breast cancer doesn‚Äôt always present as a lump. Get to know the warning signs this #BreastCancerAwarenessMonth: https://t.co/CC3ffq1Wmz. https://t.co/NGUXciTJQb
35,Parents: There is NO known safe blood lead level. Act early and get your child tested! Blood lead tests are usually recommended for children at 12- and 24-months. Talk to your child‚Äôs doctor or healthcare provider for more info. https://t.co/plVgBPuSLp #NLPPW2020 #leadfreekids https://t.co/nJMs7uPL7o
36,"New @CDCMMWR finds that health care personnel hospitalized with #COVID19 most commonly worked in nursing-related occupations, and about 1 out of 4 were admitted to the intensive care unit. Read the full report:  https://t.co/qI5oldX8c3. https://t.co/pXJZOcmBli"
37,"RT @CDCDirector: .@CDCgov continues to work on the #COVID19 response 24/7. Today and every day, do your part by wearing a mask, social dist‚Ä¶"
38,"The latest CDC #COVIDView report shows the percentage of people testing positive for #COVID19, the percentage of COVID-19-associated medical visits, and COVID-19 weekly hospitalization rates all have been on the rise in recent weeks. Learn more: https://t.co/zP4VYlo0Pb. https://t.co/WDztg3QVe6"
39,"#Halloween will be different this year, but it can still be special. Get creative to celebrate in ways that help slow the spread of #COVID19. Have a scavenger hunt at home, a virtual costume contest, or carve pumpkins with people you live with. https://t.co/37PPKvcBVr https://t.co/0A6jn49FVH"
40,"If overweight, new research suggests that you might be at higher risk for severe #COVID19 illness. Learn steps you can take to protect yourself and slow the spread at: https://t.co/EFZZhvxpyJ. https://t.co/eVVZNdqQVh"
41,RT @HHSGov: Everyone ages 6 months and older needs a #flu vaccine by Halloween. Help spread the word and protect yourself and your communit‚Ä¶
42,"RT @CDC_NCBDDD: Aaron (@aaronchengmd) is a Harvard medical school graduate living with #Thalassemia, an inherited blood disorder that requi‚Ä¶"
43,RT @CDCFlu: The latest CDC #FluView report is out! See what‚Äôs happening with flu: https://t.co/UmSYxZ85Uj https://t.co/5C26xdnjUR
44,"Blood clots can happen to anyone, but traveling, pregnancy, and cancer can increase a person‚Äôs chance for a life-threatening #bloodclot. Take these steps to help protect you and your loved ones: https://t.co/pqKnNiLl7F. https://t.co/byXO0ABAZF"
45,"If a #COVID19 contact tracer does not reach you with a phone call, they will leave you a message. During contact tracing, a public health worker will NOT ask you for money. Learn more: https://t.co/JlnQRwn5K6. #SlowtheSpread https://t.co/w1yDdONj7B"
46,"Mask use, handwashing, and staying at least six feet from others were lowest among adults ages 18 to 29. The findings highlight the need for messaging aimed at younger adults to help stop #COVID19 spread. Learn more: https://t.co/waX5MF85CI. https://t.co/wS2VtAzW8S"
47,A new @CDCMMWR finds numerous social gatherings with limited mask use and attendees who didn‚Äôt stay 6 feet apart were linked to a #COVID19 outbreak among a university‚Äôs men‚Äôs and women‚Äôs soccer team. https://t.co/4zg5w87zgm https://t.co/9oywv79aBJ
48,Health Literacy Month is a great time to form alliances with groups that contribute to health-literate communities. Tell us who you connect with. Find resources on collaborating: https://t.co/HwvbPjArLM. #HealthLiteracyMonth https://t.co/NGHObSoKZn
49,"Celebrate #D√≠adelosMuertos while keeping your community safe from #COVID19. Prepare &amp; drop off traditional family dishes for family &amp; neighbors, play music your deceased loved ones enjoyed in your home, &amp; join a virtual get-together celebration. More tips: https://t.co/MI3ARPIyGr https://t.co/U8nSpedFif"
50,RT @HHSGov: A mask is one of the best ways to help protect yourself and others from getting #COVID19. Make sure you wash reusable masks wit‚Ä¶
51,Are you more likely to get very sick from COVID-19? Your #voting jurisdiction may offer alternatives to in-person voting for people at increased risk of severe illness from #COVID19. Learn more: https://t.co/OcdQ0PkN3J. https://t.co/t4NkA5HsVC
52,"New: If you smoke, you are at higher risk for severe #COVID19 illness. Learn steps you can take to protect yourself and slow the spread at: https://t.co/EFZZhvxpyJ. https://t.co/roVGfyf6cP"
53,"#COVID19 incidence varies across age groups. Beginning in June, COVID-19 incidence increased steadily among people ages 18-24. This age group continues to have the highest incidence of COVID-19. For more data on COVID-19 demographic trends, visit: https://t.co/ye7MtgrS0y https://t.co/rOqQNPEkuM"
54,"Election officials: Help maintain healthy polling locations &amp; slow the spread of #COVID19. Consider offering alternative #voting methods, remind workers &amp; voters to stay 6 ft. apart, provide hand sanitizer w/ at least 60% alcohol, wear masks. Learn more: https://t.co/9hGrMLSq0t. https://t.co/igNb4KQ5Br"
55,"Respiratory syncytial virus, or #RSV, is common this time of year and can be serious for infants and older adults. Learn more about symptoms and care: https://t.co/3GsnFqusVH. https://t.co/0MppdxLv3X"
56,.@CDCMMWR finds telehealth visits increased by more than 50% during 1st 3 months of 2020 compared w/ the same period in 2019. Telehealth could have many benefits during the pandemic such as expanding access to care &amp; reducing exposure for staff &amp; patients. https://t.co/DQtRZqXe46 https://t.co/3BfpMgESHH
57,"New @CDCMMWR finds 1 in 4 #COVID19 exposures among healthcare workers in Minnesota were higher-risk involving close, prolonged contact w/o appropriate PPE with someone who had the virus. 1 in 3 of those exposures occurred outside of direct patient care. https://t.co/4nhw2rUsEq https://t.co/K3oXTJrFKX"
58,"If you travel on public transportation like airplanes, trains, subways, buses, taxis, ride-shares, ships, or ferries, CDC strongly recommends wearing a mask while waiting, boarding, and riding to slow the spread of #COVID19. Learn more: https://t.co/bpOhIx8xbS. https://t.co/2aQViSneSW"
59,"If you suspect you have #COVID19, are getting tested, or have tested positive, immediately isolate at home in a separate bedroom and bathroom if possible. All household members should wear a mask when in shared spaces in the house to reduce the spread of COVID-19."
60,"For more information on #COVID19 and what to do if you‚Äôre sick, visit: https://t.co/Gd9b4kcfy8."
61,"For more information on caring for someone sick at home, visit: https://t.co/q1dtcXUKin. #COVID19"
62,"Don‚Äôt let #flu spook you! This #Halloween, make sure you and your family have gotten a #fluvaccine.

Learn more about preventing flu: https://t.co/UhyMbBwiw0. https://t.co/xcKJPXRZpO"
63,"Clinicians: We can #EndHIVEpidemic! Learn the latest #HIV diagnosis, treatment, and #PrEP guidance with the National HIV Curriculum 2nd edition. Free CE and MOC points: https://t.co/J7BaeVAEfX. #CDCLearning https://t.co/YNnjWnfOv0"
64,"As of October 26, national forecasts predict that 3,900 to 10,000 new #COVID19 deaths will be reported during the week ending November 21. These forecasts predict 243,000 to 256,000 total COVID-19 deaths in the United States by November 21.
More: https://t.co/Ft6cgmaMPX https://t.co/hPx78WIVWi"
65,CDC is working to control #COVID19 on cruise ships and prevent further spread of the virus. CDC‚Äôs Framework for Conditional Sailing Order requires increased testing capacity and other safeguards before passenger operations resume. https://t.co/eFBHJbpuk3 https://t.co/mkQ4WGom0J
66,"The latest CDC #COVIDView report shows that all 10 U.S. regions are seeing increases in at least one measure used to track #COVID19 activity, and many regions are reporting increases in multiple measures. Learn more: https://t.co/zP4VYlo0Pb. https://t.co/jqMGQfPgur"
67,"RT @CDCFlu: This fall, getting a #fluvaccine is more important than ever, especially for people with heart disease or a history of stroke,‚Ä¶"
68,"Excited for #Halloween? Complete your Halloween costume with a cloth mask! #WearAMask when you are out or around people you don‚Äôt live with. Don‚Äôt wear a costume mask on top of your cloth mask, as that can make it hard to breathe. Learn more: https://t.co/MI3ARPIyGr. https://t.co/WZ7S9Z4wga"
69,"RT @HHSGov: This #Halloweekend, prevent the spread of #COVID19 by practicing social distancing, wearing a mask, and washing your hands. #CO‚Ä¶"
70,RT @fema: Having records of your damages will help with insurance claims and disaster assistance applications. If #Zeta affected your prope‚Ä¶
71,"Amy Kirby and Mia Mattioli are studying contaminated water to identify pockets of #COVID19. If they find bits of the virus in sewer water, they know that someone in that community has COVID-19. Read more about these CDC responders: https://t.co/cx2ZYLb9dG. https://t.co/GQw52Ut4n2"
72,"Have you been washing your hands properly throughout the day? It only takes 20 seconds to scrub your hands with soap and water. https://t.co/SO8z3QSpfe
#KeepHandsClean https://t.co/BTKbHnbYXL"
73,"RT @CDC_Cancer: In its early stages, liver cancer may not have symptoms, but as the cancer grows larger, some common symptoms may be notice‚Ä¶"
74,A new @CDCMMWR report found that pregnant women with #COVID19 were more likely to have severe illness than non-pregnant women with COVID-19. Learn more: https://t.co/1kK44q3ujU. https://t.co/sqLHCsO8Va
75,The latest CDC #COVIDView report shows that levels of #COVID19-associated illnesses have been on the rise nationally since September. Learn more: https://t.co/zP4VYlo0Pb. https://t.co/YS8KHvgIT2
76,Baby Jack‚Äôs parents are following the recommended immunization schedule so that he is protected from 14 #vaccine preventable diseases at exactly the right time. Learn more on how following the recommended immunization schedule can protect your baby: https://t.co/c4U3nm2GM3. https://t.co/EgorJVkjho
77,"CDC is partnering with CVS and Walgreens to offer on-site #COVID19 vaccination services for #longtermcare facility residents once it is recommended for them. Facilities that want to participate need to sign up by November 6, 2020. Learn more: https://t.co/wYcWU6oW7w. https://t.co/YFVcFdOSqL"
78,"RT @CDC_Cancer: Tobacco use causes at least 12 types of cancer. If you or someone you know needs help quitting, visit https://t.co/2NTOaJad‚Ä¶"
79,#COVID19 cases are rising across the US. You can practice 3 healthy habits to help protect yourself and others.  1) #WearAMask.  2) Stay 6 feet apart from people you don‚Äôt live with &amp; avoid crowds. 3) Wash your hands for at least 20 seconds. https://t.co/DmfPOB7nbu https://t.co/rh0HA8dG9l
80,"Join the CDC COVID-19 Partner Update call Monday, November 9, at 3 pm ET via Zoom. 
Topic: Vaccine Distribution and Safety Overview.
Retweet and Register: https://t.co/ls3LlyL9PP.

#Health #VaccineSafety #Vaccines https://t.co/ytUadjptMB"
81,RT @CDCFlu: The latest CDC #FluView report shows that flu activity is currently low in the U.S. Don‚Äôt wait for flu to start spreading in yo‚Ä¶
82,IHEs: CDC guidance is now available to help you and health officials plan for contact tracing if a #COVID19 case appears. Learn more: https://t.co/HDZlZZ8fpN. https://t.co/TMXtIHntYQ
83,"#DYK? In 2019, 1 out of 5 #TB patients had diabetes. We must reach those who are disproportionately affected by TB to eliminate it. Learn more in the 2019 TB Surveillance Report: https://t.co/vydnyQ8CGX. https://t.co/bpvmSHIF2n"
84,Getting a #fluvaccine now helps protect essential workers and save medical resources for care of COVID-19 patients. Help #fightflu this season and roll your #sleeveup for your annual flu vaccine. Learn more: https://t.co/aB80rv5iaj. https://t.co/TMfNOW48Ps
85,"#WearAMask because, together, we can slow the spread of #COVID19. CDC appreciates your actions to keep you, your family, and your community safe. Watch CDC responders share with you why they wear masks. Learn more: https://t.co/jkWwZTfWSS. https://t.co/LHqHJoFI2H"
86,"New #COVID19 cases are going up in 79% of U.S. jurisdictions. Average daily cases in the last 7 days increased 20% from the previous 7 days. Help slow the spread: wash your hands, wear a mask and stay 6 feet from others. Learn more: https://t.co/Ne79RXzgg7 https://t.co/PJMmY8DvaT"
87,"#COVID19 continues to increase across the U.S., and the biggest increases are in rural areas. CDC‚Äôs COVID Data Tracker helps you compare COVID-19 incidence per 100,000 persons by urban or rural areas across the U.S. See Trends by Population Factors tab: https://t.co/0Y3wOlTysj https://t.co/RM7PPQtE4J"
88,"RT @DepSecHargan: If you travel on public transportation like airplanes, trains, subways, buses, taxis, ride-shares, ships, or ferries, @CD‚Ä¶"
89,Leandris Liburd works as the chief health equity officer for CDC‚Äôs #COVID19 response. She uses data to learn why COVID-19 affects some groups more than others and helps CDC find ways to help communities with a high number of cases. More: https://t.co/QOuXQhCSrs. https://t.co/El9QIqReU0
90,.@CDCMMWR details how the Hopi Tribe and Hopi Health Care Center worked together to develop a community-focused program to improve detection of #COVID19 cases and health communications in their community: https://t.co/MUHcMUm2hv. https://t.co/QaVOKu2pgY
91,People living and working in jails and prisons have been disproportionately affected by #COVID19. A new @CDCMMWR uses network science to help show where transmission may be occurring at higher rates at Chicago‚Äôs Cook County Jail. Learn more: https://t.co/4Bbx3IcQxf. https://t.co/jK9A4RbBer
92,".@CDCMMWR study suggests that timely interventions, such as medical isolation of detained people who test positive, can help reduce the spread of #COVID19. Learn more: https://t.co/4Bbx3IcQxf."
93,A @CDCMMWR found that employed adults who tested positive for #COVID19 were more likely to report going to work/school in person compared with teleworking at least sometimes. Providing #telework options can help reduce the spread of COVID-19. More: https://t.co/HMqlgccJgo. https://t.co/pHxBp9b2Kn
94,RT @DepSecHargan: Waiting for a #COVID19 test result? Check out these 3 key steps from @CDCgov to take while waiting: https://t.co/mgUeJsc9‚Ä¶
95,"Pets can bring you comfort when you‚Äôre feeling sick. But if you have or think you might have #COVID19, avoid contact with pets until you‚Äôre better to prevent them from getting sick. Learn more: https://t.co/ECKkYQ3d4l. https://t.co/39gkgBU4OQ"
96,"As of November 2, national forecasts predict that 4,600 to 11,000 new #COVID19 deaths will be reported during the week ending November 28. These forecasts predict 250,000 to 266,000 total COVID-19 deaths in the United States by November 28. More: https://t.co/Ft6cgmaMPX. https://t.co/Lyb3z53UXI"
97,".@CDCMMWR finds rates of #COVID19 infections, hospitalizations, &amp; deaths in Delaware dropped dramatically following several prevention &amp; control measures, including mandates to wear masks in public, stay-at-home orders, &amp; contact tracing. Read full report: https://t.co/7kdLkpbOHy https://t.co/rStWPdkMHm"
98,"To slow the spread of #COVID19, CDC recommends that people wear masks in public settings when around people not living in their household, especially when other social distancing measures are difficult to maintain. Learn more: https://t.co/iOQv5P3OC8. https://t.co/REjMqEam9p"
99,‚ÄúI wear a mask because I care about the health and well-being of those around me.‚Äù #WearAMask because it can help stop the spread of COVID-19 in your community.  CDC‚Äôs workforce shares why they wear masks. Learn more: https://t.co/jkWwZTxyhs. https://t.co/bwjIlOivyF
100,"The latest CDC #COVIDView report shows the percentage of deaths attributed to #COVID19 increased during the first two weeks of October. While this measure is down in recent weeks, it will likely increase as more death certificates are processed: https://t.co/zP4VYlo0Pb. https://t.co/43TQOCbdxh"
101,"RT @DepSecHargan: #WearAMask correctly to help prevent the spread of #COVID19 to others. üò∑
When in public or around others not living in yo‚Ä¶"
102,RT @DepSecHargan: Do you do these 3 healthy habits? #WearAMask. Stay 6 feet apart from others who do not live in your household. Wash your‚Ä¶
103,"During contact tracing for #COVID19, a public health worker will NOT ask you for money, your Social Security number, bank account information, salary information, or credit card numbers. Learn more about contact tracing: https://t.co/VhTAp0bppt. https://t.co/9f8ixAxMtS"
104,"#DYK? Hand sanitizers are not as effective when hands are visibly dirty or greasy. If your hands are visibly dirty or greasy, ALWAYS wash your hands with soap and water.
https://t.co/SO8z3QSpfe https://t.co/piDnGY5NVf"
105,"RT @DepSecHargan: Getting a flu vaccine for yourself and your family may also help protect children, older adults, and people with certain‚Ä¶"
106,Regardless of the cause‚Äö smoking does not help with depression or anxiety. Get free help to quit smoking at https://t.co/2q5d5nCBWk. https://t.co/h5af51Ud2v
107,"The latest CDC #COVIDView report shows that #COVID19-associated hospitalization rates by week have been on the rise since the end of September, driven mostly by increases in adults 18 years and older. Learn more: https://t.co/zP4VYlo0Pb. https://t.co/Fdi6jxSjJ2"
108,"Join today‚Äôs CDC COVID-19 Partner Update Call, Monday, November 9, at 3 pm ET via Zoom. 
Topic: Vaccine Distribution and Safety Overview.
Retweet and Register: https://t.co/ls3LlyL9PP.

#Health #VaccineSafety #Vaccines https://t.co/5A6mOp9qib"
109,"A new @CDCMMWR finds 9% of the more than 100,000 patients discharged after being hospitalized for #COVID19 were readmitted to the same hospital within 2 months. Learn more: https://t.co/s96NXLxQUE. https://t.co/ugJq9f1gHP"
110,"#COVID19 is a complex illness that might require ongoing clinical care after being hospitalized. For more information for people at increased risk for serious illness, visit: https://t.co/8Yl7HdplWL."
111,A recent CDC study suggests that preventing #flu and flu-like illnesses during pregnancy may improve some pregnancy outcomes. Flu vaccination is an important step in protecting mother and baby. Read more: https://t.co/4qPyuzJx1o. https://t.co/gypGLZVqTZ
112,"RT @CDCtravel: Know when to delay your travel to #SlowTheSpread of #COVID19. Check these common situations, and talk to your healthcare pro‚Ä¶"
113,"#DYK? TB can happen anywhere &amp; to anyone. To eliminate #TB, we must reach those who are disproportionately affected by TB. Learn more the in new 2019 TB Surveillance Report: https://t.co/PqXBZTo0xx. https://t.co/5RaN7gyN76"
114,Healthcare providers: Are your patients asking about #COVID19 vaccines? New tools are now available like guides for talking to your patients about COVID-19 vaccines during routine appointments before a COVID-19 #vaccine is recommended. Learn more: https://t.co/PVwj5jpunI. https://t.co/v3qMbH7rE8
115,RT @CDCFlu: Health Care Providers‚Äî read the newly updated interim guidance on safely administering influenza vaccines during COVID-19. #Fig‚Ä¶
116,K12s: CDC guidance is now available to help you and health officials plan for #COVID19 contact tracing. Learn more: https://t.co/1v22PrPeYj. https://t.co/b6tYLmSgZQ
117,"William ‚ÄúWil‚Äù Duck, a health scientist, worked 90 days straight to help build the system that collects CDC‚Äôs data on #COVID19 cases, hospitalizations, and deaths. He used data from 50-plus sources to show COVID-19's spread. More: https://t.co/I24RBRu8Qu. https://t.co/C2y0WAV44K"
118,"#DYK? A committee of external medical and public health experts advises CDC on U.S. vaccine recommendations. If a #COVID19 vaccine is authorized or approved, this committee will vote on whether to recommend it and who should receive it. Learn more: https://t.co/HlBnkomgIh. https://t.co/9wTUhDjvmg"
119,"A new @CDCMMWR evaluates CDC‚Äôs symptom-based screening program for #COVID19 at designated U.S. airports from January 17 to September 13, 2020. Learn more: https://t.co/jllRgxI86U. https://t.co/016N8eGZi1"
120,New @CDCMMWR suggests that the #COVID19 pandemic may be negatively impacting children‚Äôs mental health. The proportion of emergency room visits for mental health concerns in children &amp; adolescents increased substantially this past Mar.-Oct. Read the report: https://t.co/9FyLoCzrza https://t.co/fIXMIZg7KK
121,"#COVID19 cases continue to rise with 94% of U.S. jurisdictions experiencing increases. On 11/11, CDC reported 143,408 new cases, the highest for a single day. Help slow the spread. Wear a mask, wash your hands, and stay 6 feet from others. Learn more: https://t.co/1nMYQAjpSq https://t.co/HxQSVTuk0F"
122,"#COVID19 cases and deaths in non-urban areas are increasing steadily. Case and death rates are now highest in small cities and rural communities. To compare COVID-19 case and death rates between urban &amp; rural areas, and other trends by population, visit: https://t.co/hn80C9qpRT https://t.co/dIMoC01tWc"
123,Well-child visits and vaccinations are essential to protect children. Learn more about protecting your child with routine vaccines. #VaccinesWork https://t.co/a5FPFi9FHd https://t.co/W3UckTtVAI
124,"As of November 9, national forecasts predict that 5,500 to 13,400 new #COVID19 deaths will be reported during the week ending December 5. These forecasts predict 260,000 to 282,000 total COVID-19 deaths in the United States by December 5. 
More: https://t.co/Ft6cgmaMPX. https://t.co/sxhVJx1Hho"
125,"JUST WEAR THE MASK. Cover your mouth AND nose. Stay 6 feet from others. Wash your hands. Stay home if you can. #COVID19 cases are rising fast. If we don‚Äôt act together and do what we can to slow the spread, thousands more could die.

Get the facts: https://t.co/DmfPOAPMjW. https://t.co/i6ggvfcnBD"
126,"Although the % of ER visits for children‚Äôs mental health was higher during COVID-19, this % could've been affected by an overall decrease in ER visits. Monitoring, promoting coping &amp; resilience, &amp; expanding mental healthcare are key."
127,"More than 194,000 #COVID19 cases identified yesterday. We must get the pandemic under control. Do your part to slow the spread &amp; save lives. #WearAMask. Cover mouth AND nose. Stay 6 feet from others. Wash your hands. Stay home if you can. Get the facts: https://t.co/DmfPOB7nbu. https://t.co/52Gy7VQMVl"
128,"Do you know what to do if someone you live with is diagnosed with #COVID19? We have an answer: https://t.co/ZDBikKaafe.
#PublicHealth #SlowTheSpread https://t.co/CVhFiPoln3"
129,"RT @GSUArtSci: A digital exhibit devoted to the effort to stop the Ebola virus epidemic in West Africa has been produced by faculty, staff‚Ä¶"
130,The latest CDC #COVIDView report shows that the percentage of people testing positive for #COVID19 and the percentage of COVID-19-associated medical visits are increasing in every region of the United States. Learn more: https://t.co/zP4VYlo0Pb. https://t.co/4VE3HJiJgT
131,URGENT ALERT: CDC urges you to take action NOW to fight rapidly rising #COVID19 cases. Do your part: 1) Wear a mask over your mouth AND nose. 2) Stay 6 feet away from others. 3) Wash your hands. 4) Stay home if you can. Do your part. Get the facts: https://t.co/DmfPOAPMjW. https://t.co/dnDipZ1EDJ
132,"DYK? When you wear a mask, you protect others as well as yourself. Wear a mask, avoid crowds, stay 6 feet apart, and wash your hands often. Learn more: https://t.co/jkWwZTxyhs. https://t.co/UI7aOi3LpK"
133,"It‚Äôs time to roll your #sleeveup to #fightflu! It‚Äôs important for everyone to do their part to stay healthy this flu season. 
The more people vaccinated against flu, the more people will be protected from flu! https://t.co/aB80rv5iaj https://t.co/nDfv0WRsqI"
134,A new @CDCMMWR shows that effective testing strategies combined with preventive behaviors limited the spread of #COVID19 on a university campus. Learn more:  https://t.co/NXsQTFBEx0. https://t.co/ET0hZk1hMp
135,"Planning for #Thanksgiving? Consider hosting a virtual meal with friends and family who don‚Äôt live with you. Have people share recipes and show off their turkey, dressing, and other dishes: https://t.co/zLzjYg5X6P. https://t.co/HtT92bqe9t"
136,Wearing a mask is not hard. Breathing on a ventilator is. #COVID19 cases are rising fast. Do your part to slow the spread: 1) Stay home if you can. 2) #WearAMask over your mouth AND nose. 3) Stay 6 ft from others &amp; avoid crowds. 4) Wash your hands often. https://t.co/DmfPOB7nbu https://t.co/ss2aAyVa3E
137,#HCPs: Do your patients have questions about #COVID19 vaccines? You are your patients‚Äô most trusted source on #vaccines. New resources are available to help you talk about COVID-19 vaccination with your patients. Learn more: https://t.co/Amb3eQho5s. https://t.co/h7qnLOskAc
138,Health Departments: Help residents learn about cleaning and disinfecting their homes. Check out: https://t.co/XPZRd7Pmiz. https://t.co/LTLw2mQzHR
139,Hospitalization rates for #COVID19 have been steadily going up since the end of September. The rising rates mirror the increase in U.S. cases of COVID-19. Learn more about the latest data here: https://t.co/AEBdnsrPSJ https://t.co/joecUx2xWu
140,RT @HHS_ASH: New @HHSgov RFI aims to identify how new technologies can be used to help our aging populations by enabling more independent l‚Ä¶
141,"Your mask keeps you from getting and spreading COVID-19. If everyone wears a mask, your community will be safer. Wear a mask, avoid crowds, stay 6 feet apart, and wash your hands often. Learn more: https://t.co/jkWwZTxyhs. https://t.co/5CpC0VvS9I"
142,"A1: Social determinants of health (SDOH) are conditions in the places where people live, learn, work, and play that affect a wide range of health and quality of life risks and outcomes. https://t.co/BR7mhjaKuf #RuralHealthChat #PowerofRural"
143,"A1: Healthy People 2030 outlines five key areas of SDOH: healthcare access and quality, education access and quality, social and community context, economic stability, and neighborhood and the built environment. Learn more: https://t.co/BR7mhjaKuf. #RuralHealthChat #PowerofRural"
144,"A2: Due to hospital closures and health professional shortages, healthcare access and quality is a social determinant that can be a challenge for some rural communities. https://t.co/yOjh0kvwZj #RuralHealthChat"
145,A2: Many rural communities have not fully recovered since the Great Recession of 2007. Economic stability is another social determinant that can be a challenge for rural communities. https://t.co/yOjh0kvwZj #RuralHealthChat
146,"A2: BUT many rural communities have a strong sense of community, which can reduce some of the negative impacts of other factors. Learn more about rural health program successes: https://t.co/yOjh0kvwZj. #RuralHealthChat #PowerofRural"
147,A3: Each rural community can assess their social vulnerability to COVID-19. Many rural communities are considered highly vulnerable according to CDC‚Äôs Social Vulnerability Index (SVI) tool. https://t.co/kupnqQiyJ5 #RuralHealthChat
148,"A3: CDC SVI includes factors such as housing, transportation, socioeconomic status, race &amp; ethnicity, and language which can be helpful in determining how to help support rural communities before, during, and after COVID-19. https://t.co/kupnqQiyJ5 #RuralHealthChat #PowerofRural"
149,A3: Find out how rural communities can respond during COVID-19: https://t.co/kupnqQiyJ5. #RuralHealthChat #PowerofRural
150,A4: Looking at data on social determinants can help practitioners better recognize the root causes that affect health. https://t.co/FXyMuxDIj1 #RuralHealthChat #PowerofRural
151,A4: But moving from data to action can be challenging. Check out CDC‚Äôs tools and resources that can help practitioners take action to address SDOH: https://t.co/FXyMuxDIj1. #RuralHealthChat #PowerofRural
152,"A5: Understanding a community‚Äôs health behaviors, healthcare access, healthy food access, and demographic characteristics is important in tailoring approaches to address social determinants of health. https://t.co/EV6lOEHawS  #RuralHealthChat #PowerofRural"
153,A5: Learn more about how CDC works to improve rural health: https://t.co/EV6lOEHawS. #RuralHealthChat #PowerofRural
154,A8: Telehealth can help reduce barriers to care for people who have transportation/mobility issues. CDC is supporting telehealth projects across the country to give rural residents better access to chronic disease prevention and management programs. #RuralHealthChat #PowerofRural
155,A8: @CDCChronic uses several approaches to help improve the health of rural residents. Learn more about effective interventions in rural communities: https://t.co/uqXOwjU8Px. #RuralHealthChat #PowerofRural
156,RT @NOSORH: Shout out to @ruralhealthinfo for pulling us all together today! Thanks to all our special guests and to all of you who partici‚Ä¶
157,CDC reported this week that there is now more #fluvaccine available than ever before in the United States. Don‚Äôt delay getting your vaccine any longer ‚Äì #fluvaccine is available in your community now: https://t.co/657rmm2TKo. https://t.co/dVuC8bWdqm
158,"The safest way to celebrate #Thanksgiving is with your household members. Cook traditional family recipes, have a virtual dinner with your friends and family, or watch parades and movies from your cozy couch. More tips: https://t.co/zLzjYgnxYn. https://t.co/v5Kv80iH4Z"
159,"Safety of #COVID19 vaccines is a top priority. Safety is considered before any vaccine is authorized or approved, and again when vaccine recommendations are made. Learn more about how #CDC and its partners are ensuring the safety of COVID-19 vaccines: https://t.co/YXbQZjDAWY. https://t.co/LtpcnxSs4O"
160,"After #Ebola outbreaks, maintaining surveillance, infection prevention, and rapid response capacity is vital to quickly detecting and responding to new cases. Cases of #Ebola due to sexual transmission or relapse are possible following outbreaks."
161,"CDC is proud to have been part of reaching this milestone and remains committed to supporting @MinSanteRDC prevent, detect, and respond to #Ebola outbreaks."
162,"Ever had a stomach bug? It could have been #norovirus, the most common cause of vomiting and diarrhea. Protect yourself and others by washing your hands with soap and water for at least 20 seconds and following other prevention tips. https://t.co/AkhQXAi4oi https://t.co/831NxUOZkn"
163,New @CDCMMWR describes #COVID19 in NYC in early spring. The rapid spread in this early U.S. epicenter combined with limited testing availability caused significant challenges in monitoring and understanding the disease. Read the full report: https://t.co/77zcsTqN2q. https://t.co/jcKOFuiuz7
164,We understand. You‚Äôre tired of hearing about #COVID19. But facts are facts: This pandemic is not over and cases are still rising across the U.S. Do your part: #WearAMask over your mouth AND nose. Stay 6ft from others. Wash your hands. Stay home if you can. https://t.co/DmfPOAPMjW https://t.co/tCslAZvlgw
165,"No one tool alone is going to stop the #COVID19 pandemic. A combination of getting a COVID-19 #vaccine, wearing a mask, staying at least 6 feet away from others, and washing your hands often are all needed. Learn more: https://t.co/KL3fJrcjsG. https://t.co/eCTLUuiHqy"
166,"As #COVID19 cases increase rapidly across the United States, the safest way to celebrate the #Thanksgiving holiday is at home with people who live with you. Avoid gatherings with family and friends who do not live with you. See CDC‚Äôs guidance: https://t.co/zLzjYg5X6P. https://t.co/FoTks5JiXL"
167,"Tenzin, a #TB Survivor, was diagnosed with drug-resistant #TB. With the support of a public health nurse, he made it through the long and challenging treatment. Learn more about his story: https://t.co/xhHcdnyYIn.
#USAAW20 #BeAntibioticsAware @We_Are_TB https://t.co/DC5oC5lGal"
168,"New @CDCMMWR details a #COVID19 outbreak in Minnesota following a 10-day motorcycle rally in neighboring South Dakota. @MNhealth detected 86 Minnesota residents who became infected, including one who died. Learn more: https://t.co/rn6xegLz2A. https://t.co/r1qxlZ1RKV"
169,"New @CDCMMWR finds that after Kansas put in place a mask mandate in July 2020 rates of #COVID19 decreased in counties with a mask requirement &amp; increased in counties without one. Wear a mask, stay 6 feet apart from others, &amp; wash your hands often. More: https://t.co/kSgJxDhZUq. https://t.co/w85jEQ8Fv9"
170,Read about the latest science on the use of masks to slow the spread of COVID-19. https://t.co/eyqerL7Rps
171,.@CHCConnecticut‚Äôs drive-through #fluvaccine clinics began as a way to make vaccines accessible to those afraid of getting #COVID19 and turned into an effort that allowed the organization to reach more people than ever before. Learn more: https://t.co/HvV7synfhd. https://t.co/MzIH5shtCB
172,The latest CDC #COVIDView report shows that weekly #COVID19 hospitalization rates are rising in the United States. Weekly rates for adults 65 and older are approaching the peak weekly rates seen in April. Learn more: https://t.co/zP4VYlo0Pb. https://t.co/Ux07pV6pR5
173,"RT @HHSGov: Stay safe this #Thanksgiving holiday:

1. Wear a mask
2. Rethink traveling
3. Keep gatherings small
4. Celebrate virtually if y‚Ä¶"
174,"ALERT: #COVID19 cases are rapidly rising across the U.S. As we begin to spend more time indoors closer together, the virus can spread more easily. Do your part: #WearAMask over your mouth &amp; nose. Stay 6ft from others. Wash your hands. Stay home if you can. https://t.co/DmfPOAPMjW https://t.co/LP0H8LmSsf"
175,Health Departments and HCPs: Have new employees? Check out CDC‚Äôs #COVID19 contact tracing training plans: https://t.co/h0FwyUv6qV. #SlowTheSpread #PublicHealth https://t.co/8UOmoSowBL
176,2020 has been tough for many of us. Learning how to find and express gratitude can help us cope. Find inspiration for ways to be grateful: https://t.co/y9ff8PC4Oa. #HowRightNow (supported by @CDCFound) https://t.co/E6126EGL6n
177,Masks help prevent people from getting and spreading #COVID19. Masks are most effective when widely used in the community. Learn more: https://t.co/eyqerLpsh0. https://t.co/JAPxJIkGVJ
178,New 2019 CDC map shows 89% of U.S. hospitals report having an antibiotic stewardship program that meets all 7 of CDC‚Äôs Hospital Core Elements. Antibiotic stewardship programs are key to protecting patients &amp; combating #AntibioticResistance. Learn more: https://t.co/qxIkKBuOZg. https://t.co/eLQFkCpmVh
179,"This #PublicHealth Thank You Day, CDC thanks the public health workforce for working harder than ever to keep the nation safe and slow the spread of #COVID19. #PHTYD https://t.co/0olFw3Ce2n"
180,"Show your community the importance of #HIV prevention and treatment efforts this #WorldAIDSDay. Use the data and prepared messaging in this toolkit to share local testing, prevention, and treatment options: https://t.co/OLTM3s7EBe. #WAD2020 https://t.co/EKeBROWWNu"
181,A new @CDCMMWR describes four ethical principles that will guide decision-making on how #COVID19 vaccines will be allocated once vaccines are authorized or approved. Learn more: https://t.co/TSORttpncp. https://t.co/x3TK5VvKZs
182,COVID-19 &amp; flu may spread at the same time this winter. Your #fluvaccine can help save medical resources for the care of #COVID19 patients by reducing the burden of #flu illness on health care systems. Learn how to find a flu vaccine near you. Get vaccinated today. https://t.co/mAO5uyXMBI
183,The latest CDC #COVIDView report shows that all indicators used to track #COVID19 in the United States are rising. Learn more: https://t.co/zP4VYlo0Pb. https://t.co/2pkh9SeMqr
184,"College student coming home for #Thanksgiving? Returning students should be considered overnight guests, and families should take all recommended precautions for overnight guests for 14 days. More: https://t.co/MI3ARPIyGr. https://t.co/reQMcOVAT5"
185,"#COVID19 cases are rising rapidly in many parts of the U.S. This pandemic is not over. But if we all do our part, it can be. Here‚Äôs what you can do:

#WearAMask over your mouth AND nose.
Stay 6Ô∏è‚É£ft from others.
üëê Wash your hands.
üè† Stay home if you can.

https://t.co/DmfPOAPMjW https://t.co/kEhhQtXlOl"
186,People with #diabetes are at higher risk for #flu complications. The best way to prevent seasonal flu is to get vaccinated every year. https://t.co/Prqqv6DNRo https://t.co/Kh9EgVC7C6
187,New @CDCMMWR report looking at 156 healthcare workers with virus-specific antibodies against #COVID19 found 94% had a decline in antibody response at 60 days: https://t.co/7MaUkz5UPK. https://t.co/AB3tS8JwLD
